,post_id,text,title,upvote_ratio,date,author
0,m2ipwb,,Apple moves on from established car makers to other ways to build the Apple Car.,1.0,1615440577,Ripclawe
1,m2ipy6,,Currently awaiting pick up at the international ape station!,1.0,1615440581,EffectMuch
2,m2iq1l,,AAPL just got a boost from wedbush. Will let this sit here and percolate for a smidge.,1.0,1615440592,SellSudden5095
3,m2iq82,,Waiting on Joeâ€™s stimulus check so I can buy more GME,1.0,1615440610,jcoope91
4,m2iqbu,,"These Hedgie Fucks really thought they had us today but we still ended in green, what clowns ğŸ¤¡",1.0,1615440621,fastanimals123
5,m2iqdo,,I like movies.,1.0,1615440624,DankHolliday
6,m2iqh7,$HCMC ğŸš€ğŸš€ğŸš€,$HCMC,1.0,1615440636,nickknighttv
7,m2iqmb,https://www.google.com/amp/s/www.barrons.com/amp/articles/gamestop-trading-should-stop-for-30-days-says-state-securities-regulator-51611768563,"This guy wants GME halted for 30 days. Get a load of this fucking BALLLSACK! ""Unsophisticated retail traders are gonna get hurt by GME if it's not halted""? Noooo UNSOPHISTICATED retail traders are going to the moon thank you.",1.0,1615440652,rke0d23
8,m2iqsr,,MSM Little cunt disgracefull bitches.,1.0,1615440668,WrathchildOnFire
9,m2iqyb,"Iâ€™m poor, a first generation college student, and the head of household of 6 sibling ğŸ¦ and one queen momma ğŸ¦. This morning I woke up at 6:30am to buy 2 more GME and instantly fell back to sleep. When I woke up I checked my phone and we were riding at $326. When I went back to sleep GOD himself showed me a vision. 

In this vision, I saw GME rise to $30k ğŸš€ğŸš€ğŸš€
I tried selling but my app crashed and by the time it loaded back up it crashed down to $9745. Thatâ€™s when I fucking sold. If the price hits $9745 Iâ€™ll tattoo a fat diamond on my wrist and buy my momma and my ğŸ¦ğŸ¦ğŸ¦ğŸ¦ a house ğŸš€ğŸš€ğŸš€

TLDR; GOD HIMSELF IS TELLING YOU TO HODL TO $30k. IM SELLING AT $9745 BECAUSE IN MY VISION MY APP CRASHED AT $30k.",GOD HIMSELF TOLD ME TO TELL MY FELLOW ğŸ¦ğŸ¦ğŸ¦ğŸ¦ TO HODL $GME ğŸš€ğŸš€ğŸš€,1.0,1615440683,DressYourLonliness
10,m2irbx,[removed],Amc future,1.0,1615440723,Immortan-Joee
11,m2irds,,Can we get a #lightshit to our good friend Rich Greenfield,1.0,1615440729,No_Understanding2955
12,m2irh4,,Look at that MIRRORED dip! Charts look almost identical. 10000% coordinated attack.,1.0,1615440737,CarlosSpyceeWeiner
13,m2irh7,,Jim Cramer picks the lettuce off his burger then orders a side salad and eats the exact amount of lettuce he picked of the burger from his side salad then leaves pissed off at me and whoever else is around.,1.0,1615440738,DefinitelyMaybeBeige
14,m2irpz,,ğŸš€ ROCKET FUEL RECIPE ğŸš€ If we everyone buys call options we will over power the market. Source: www.forbes.com/sites/georgecalhoun/2021/03/10/gamestop-the-second-surgeanatomy-of-a-gamma-swarm/,1.0,1615440762,walkwil17
15,m2irz4,,Hey look itâ€™s us,1.0,1615440788,1dn-speaks
16,m2is4y,"I bought in at $23. I didnâ€™t sell at $350, I didnâ€™t sell at $40, I didnâ€™t sell at $350 again and I sure as fuck ainâ€™t selling at $257. If I can hold, if dfv can hold, if the other retards can hold. So. Can. You. Buy and hold on like your drunk uncle is driving a go cart across the desert dunes. That is all, Iâ€™ll see yâ€™all at 8:30 catfuckers.",An ode to thy hold,1.0,1615440804,goateyboyjr-
17,m2isgg,,"Hi, when the GameStop and amc stocks began to fall, the sell button and the app capital.com doesnâ€™t work. Then I had to write my data again and again to log in, but also doesnâ€™t work properly. After that I was from plus 6000 to - minus 650. what can I do?",1.0,1615440836,Ok_Caterpillar_3920
18,m2isif,[removed],Question from one retard to 93M other retards,1.0,1615440841,Frog-Lips-Are-Yummy
19,m2ispd,,GME diamond hands,1.0,1615440860,t-h-e-chief
20,m2it5s,,GME Gain,1.0,1615440898,Challenge-Current
21,m2itlj,ğŸš€ğŸš€ğŸš€ğŸš€ğŸš€ğŸš€ğŸš€ğŸš€ğŸš€ğŸ’¯ğŸ’¯ğŸ’¯ğŸ’¯,Green futures P(lease)L(oad)T(he)R(ocket),1.0,1615440944,DecisionKind9378
22,m2iuej,What are the apes opinions on this stock?,Roblox,1.0,1615441027,Chemical_XP
23,m2iuhw,Is it just me or did WSB turn into GME bets?,But why...,1.0,1615441035,UnacceptableHeadchef
24,m2iui5,,Fuck Disgruntled and temperamental Judges and their Alimony rulings. Fucking hope GME pays my alimony off. If not itâ€™s why Iâ€™m broke. Hopefully I still avoid jail if the latter..I. Rock Hard for GMEğŸš€,1.0,1615441036,LSDavis_321
25,m2ivmm,[removed],"PLTR YOLO update following lockup expiry, insider selling, &amp; Nasdaq selloff - March 2021",1.0,1615441147,PropheticStockMoves
26,m2ivub,,Does this guy not believe in the Apes?,1.0,1615441167,Suspicious_Trifle_32
27,m2ivwa,,9.5 Million Strong ğŸ’ğŸ™ŒğŸ¦. Proud to be a retard.,1.0,1615441174,jackhaight
28,m2ivzv,,All in ğŸ’ ğŸ¦ held through the dip to keep my average cost score ğŸ˜‚,1.0,1615441184,Krispystocks
29,m2iwjj,,STILL HOLDING 29.8k AMC YOLO! Currently awaiting pickup at the international ape station!,1.0,1615441238,EffectMuch
30,m2iwlp,"Hey retards,

I have to be forthcoming... 

I am so incredibly sick of these retard mods sending me a message every time I try to add value to this thread by commenting. This karma thing is straight up something the elites would do. 

Anyway, I am trying to earn karma so that I never have to deal with these mods again. So, hereâ€™s my attempt...

Letâ€™s stick it to them. Hard. 

Letâ€™s hold. 

GME. AMC. FOR LIFE. 

The elites wonâ€™t make sense of it. The mainstream media will whine about it. The analyst will debunk it and we will... hold, buy and hold. 

The stocks will rise. 

Ape ğŸ¦ hands are diamonds ğŸ’ not paper ğŸ“„. 

The flakes will come and go but the brotherhood will continue to like the stock until there is nothing left to squeeze. 

Letâ€™s run them dry. Stick it to them. Hold forever. 

Thank you, and God Bless.",Itâ€™s time for HONESTY ğŸ¦ğŸ’ğŸ“„,1.0,1615441244,SamWinny
31,m2iwwk,,help me start daytrading!,1.0,1615441275,bruh5562
32,m2ixf8,This would be a perfect marriage !!!,GME should buy RBLX,1.0,1615441327,---zombieland---
33,m2ixyr,,There were tendies. I've been eating so many lately. Love you apes. Oooh ooh EEE EEE ERRRR!,1.0,1615441379,veddyforreal
34,m2iy9n,"

I was bored and curious as to how the dot com bubble popped so I looked into it and found this way too correlated to right now

&gt;In February 2000, with the Year 2000 problem no longer a worry, Alan Greenspan announced plans to aggressively raise interest rates, which led to significant stock market volatility as analysts disagreed as to whether or not technology companies would be affected by higher borrowing costs.

So the fed hasnt came out and raised rates but mortgage companies are already raising rates and the broader repo market refusal to buy bonds are a bad sign. Smart money isnt dumb enough to buy inflation is only at 2.9% and it is showing in equities and real estate. Many analysts/fund managers have came out and said they expect repo rates to spike as high as 3% by the end of the year.


On tope of this even though its not rate hikes, they just fucking rekt any corporations paying execs over 1M and made sure to put into the stimmy 60B worth of tax hikes removing deductions for large corporations and the CNBC/Bloomberg channels havent said a fucking word even though this is kind of significant.

[Tax hikes snuck into stimulus bill](https://www.politico.com/news/2021/03/10/covid-relief-bill-tax-hikes-475051)

&gt;On March 13, 2000, news that Japan had once again entered a recession triggered a global sell off that disproportionately affected technology stocks.

[China seems to have censored the term 'stock market' from social media searches after stocks posted their longest losing streak in 3 months](https://markets.businessinsider.com/news/stocks/china-banned-the-term-stock-market-from-weibo-social-media-2021-3-1030168063) 

Oddly similar circumstances developing... Despite reckless money printing all over the world china is on the verge of their markets crashing for some reason. 

Another china article for shits and gigs;[China stocks in correction on policy tightening, valuations](https://www.reuters.com/article/us-china-markets-stocks-idUKKBN2B117U)

&gt;On March 15, 2000, Yahoo! and eBay ended merger talks and the Nasdaq fell 2.6%, but the S&amp;P 500 Index rose 2.4% as investors shifted from strong performing technology stocks to poor performing established stocks.

The Daq is current down 6% on the month and the S&amp;p is close to flat. Another extremely odd similarity, I mean the time frames are almost the same too not that it really matters.

&gt; On April 3, 2000, judge Thomas Penfield Jackson issued his conclusions of law in the case of United States v. Microsoft Corp. (2001) and ruled that Microsoft was guilty of monopolization and tying in violation of the Sherman Antitrust Act. 

[POLITICO Playbook: Scoop: Biden taps another Big Tech trustbuster](https://www.politico.com/newsletters/playbook/2021/03/09/scoop-biden-taps-another-big-tech-trustbuster-492042)

I mean what the absolute fuck. The writing is seems to be on the wall. Like this is so eerily similar to what happened in 2000. 

Add into this the absolute fearlessness retail has regarding â€œStonks go up broâ€ is scary. We are like deer in those neighborhoods where people havent gone hunting in decades and we are eating out of the predators hands. Last march was essentially a flash crash. This is the longest bull run in history.

Yeah I know giant stimmy, maybe Im crazy but im a little worried.","The 2000s tech bubble and now, a comparative analysis.",1.0,1615441413,Blackjew12
35,m2iygo,"Today was an eye-opener! 3 separate stocks all dipped at the same time, trying to get us to sell our shares. From what I was reading, tomorrow starts the count where they need to account for all said shares. So if they have ""phantom shares"" they will do anything in the coming days to get those share back and accounted for. 
Expect the price to go up and fall drastically like we saw today in that ""bull trap"" They will try this multiple times! i suspect they have the price run up to the 20-30 on the first run then maybe 50-60 on the next. DO NOT SELL!! if they do the first one, that is our sign we have them by their balls! Remember ğŸ¦ğŸ¦ğŸ¦ strong together! 
We will control the price!! Look at GME they are disciplined, we must be the same. DO NOT SETTLE FOR CRUMBS! HF earn BILLIONS a year! We are here for that life changing money! 1k+. 1.5 -2k should be a good round number! They have until May to get those shares. So it can run up anytime until then. But be brave and HODL! 
We are holding for each other for that new house. that new car. for the sick family that have bills to pay. Do not be selfish and settle for crumbs! 

HF have fucked over many ppl over the years and we THE AMC ARMY are here for payback. This will be a once in a lifetime chance that will likely change the landscape. HF might get bailed out by the government and then new regulations will be put in play so this will never happen again. 

ğŸ¦ğŸ¦ğŸ¦ hodl and buy the dips on the bull traps. we going to the moon!! ğŸš€ğŸš€ğŸš€ ill see you all there!!

ğŸ’i will hold for you. will you hold for meğŸ’

DISCLAIMER Im just a crayon eating ğŸ¦ who hold things. this is just for funsies. This is not financial advice",ğŸš€ğŸš€ğŸš€ ARMY ğŸš€ğŸš€ğŸš€,1.0,1615441435,dudunegrinhu
36,m2iyst,,Almost YOLO RKT. LETS GOOO!!!ğŸš€ğŸš€ğŸš€,1.0,1615441467,akush_666
37,m2iyu7,,"(GME) As a broke college student trying to make his way to University, it ain't much, but it's honest work. âœ‹ğŸ’ to the moon ğŸš€ğŸ¦",1.0,1615441470,TimmyStew
38,m2iyzj,[removed],HAIL TO THE GME SWARM!!! ğŸ¦ğŸ™ŒğŸ’ğŸš€,1.0,1615441485,--Warmonger--
39,m2iz9x,BRRRRRRRR,ROBLOX TO THE MOON,1.0,1615441516,iancase117
40,m2izq9,,"The â€œGamestonkâ€ rout accomplished in three hours what it took the engineers of the legendary Volkwagen short squeeze three long years to execute. And now the swarm has shown they can do it again, ... Weâ€™ll have to get used to a new sort of market regime. ...Watch out.",1.0,1615441566,s_p06
41,m2j0ge,"I am doing my own DD on where to keep my $TSLA gains from 2020. So far I have settled on $F (current holdings 1,630 shares at $12.90) following some encouraging review on market analysis in comparison with other competitors. What I've found tonight is an interesting correlation which I would love to get everyone's input on.   


[https://www.google.com/finance/quote/F:NYSE?comparison=NYSE%3AGM%2CNASDAQ%3ATSLA&amp;window=6M](https://www.google.com/finance/quote/F:NYSE?comparison=NYSE%3AGM%2CNASDAQ%3ATSLA&amp;window=6M)  


My observaiton is that rate of growth for three major EV players in the USA is basically on par over the past 6 months. $TSLA's correlation seems to have brought it right in line. Now this may just be coincidental but $F is moving almost toe to toe with $GM but as of late has certainly picked up relative to it. This comparison tonight has added confidence to my choice. Who else is long on $F to ride the EV revolution with this tried and true purebread American company??",[Serious] Thoughts on this correlation,1.0,1615441641,BillSixty9
42,m2j10f,[removed],RBLX TO THE MOON,1.0,1615441693,fishbone14
43,m2j152,,"Two (Almost Exact) Screenshots Taken 41 Days Apart. Goes to show how quickly the first spike went, compared to how we are travelling now.",1.0,1615441705,bix9ine
44,m2j1ak,,So I bought $5 of Tesla Stock when I was Drunk back in 2018. I literally don't remember doing this LOL! Guess I can use this for more Juicy GME Stonks.,1.0,1615441721,luckymaniac123
45,m2j1wt,,Those curves be curvin,1.0,1615441783,Shazam10-SAP
46,m2j1x3,,Found our card,1.0,1615441783,lolfeline
47,m2j20c,,More GME Gains,1.0,1615441793,Challenge-Current
48,m2j257,yo,yo,1.0,1615441809,sh1n0b1_sh1n
49,m2j2rt,"Why didnâ€™t hedgefunds buy most of their covers at $48? I get that most shares are locked up, but I mean... if raging kitty can just buy up the shares, what is stopping HFâ€™s from doing the same? 
Raging kitty shouldnâ€™t have been able to buy that many shares if no shares were available. 

What am I not understanding?","If Raging Kitty could buy 100,000 shares at $48...",1.0,1615441873,established82
50,m2j2vt,,Anyone else notice that hedgies are pushing silver really hard again!?,1.0,1615441883,NefariousnessDry2736
51,m2j332,[removed],Join Robinhood with my link and we'll both get a free stock ğŸ¤ https://join.robinhood.com/gregorb3076,1.0,1615441904,Swimming_Broad
52,m2j38n,,How much should I put into gme I have $200 and I'm new,1.0,1615441919,Massive-Floor-6745
53,m2j3e1,[removed],HEDGE FUND LOOKING LIKE A CLOWNğŸ¤¡ğŸ¤¡ğŸ¤¡ğŸ¤¡ğŸ‘,1.0,1615441935,Same-Vermicelli-3708
54,m2j3f2,,"No problem, still buying more anyways",1.0,1615441938,Shazam10-SAP
55,m2j3gb,,The â€œapesâ€ have chain-saws now. Watch out. ~Forbes #GME,1.0,1615441942,ImpressiveCat5241
56,m2j3go,"MOMO might be the most misnamed stock in the market because momentum has taken this straight to the shitter. But thatâ€™s about to change as sleepy joe makes friendly with China. Look at Bumbles recent IPO, this women empowering dating app is already worth $8B, while MOMO, who owns the dating app TanTan, is worth 3B across all business lines despite generating more income than bumble and on par with Match Group, currently at 40B.

Pre covid, this stock was already 3x higher. Did I mention this is one of the few tech stocks that is significantly than lower than pre COVID value?? If it traded at normal tech multiples, this stock is easily a 3-5 bagger from here and if dating goes back to normal, this can go 5-10x potentially.

Iâ€™ve talked to a lot of hedge funds in my day, and this used to be a top holding for one of Chinaâ€™s best funds called Prime Capital. They sold out but wouldnâ€™t be surprised to see them come back in, which would juice the upside even further. 

Finally, now that trump is no longer winning â€œeasyâ€ trade wars with China, we can continue seeing continued momentum from MOMO.

Positions: 3000 shares MOMO, 20C",$MOMO: deep value tech company with dating app(&lt;10x P/E) with 3-10x upside if priced like Match,1.0,1615441942,BakeALake
57,m2j3jl,,Nothing to see here folks!! Nothing fishy at all with these charts!,1.0,1615441951,CarlosSpyceeWeiner
58,m2j3qx,,"It literally took 6 weeks, but my account is finally deactivated! Sayonara Vlad",1.0,1615441973,NoCurrencies
59,m2j3xa,,ğŸ¦ğŸ¦ are everywhere! ğŸš€ğŸš€ğŸŒ›ğŸŒ›ğŸŒ›,1.0,1615441990,Cleopatra456
60,m2j3z8,"Hereâ€™s an article about it:

https://www.wsj.com/articles/why-ge-is-doing-a-reverse-stock-split-and-what-it-means-for-you-11615391261

And hereâ€™s my take on it:

There is no innate reason why a stock split or reverse split would change the held value of a stock, it just changes share price and the amount of shares held/floated. That being said, last year we saw some big movement when popular companies (like TSLA for instance) did stock splits to reduce their share price. This had the effect of making these stocks more available to retail investors like us, which ended up causing prices to surge.

Now, could a reverse stock split work similarly? Well, no, because itâ€™s putting shares further out of reach of the average retail investor. That being said, current share price of GE is around $14 so the new price would be around $112, which certainly isnâ€™t ludicrously expensive. The thing that Iâ€™m most attracted to is the fact that this would have the effect of immediately cutting float by 87.5%.

Think about whatâ€™s happened with GME (similar ticker lulz). Basically we fucked the shorts by eating up all the float. When thereâ€™s not much float available, prices go up, and shorts get fucked and end up driving the price up further when they close out their positions. What Iâ€™m saying is if investors start buying up GE heavily up to the reverse split and/or even shortly after it, the float is going to get very limited, which could have the effect of pushing the price very high (supply and demand).

Anyway, I just like the stock. Iâ€™ve been playing it long for quite a while now and itâ€™s been climbing very steadily over the past few months (new CEO seems to know his shit).

Positions:
GE $10 1/21/22 plus some shares",GE might be doing a 1:8 reverse stock split,1.0,1615441995,jmfranklin515
61,m2j3zo,Ape want moon banana ğŸŒğŸŒ•ğŸŒğŸŒ•ğŸŒğŸŒ•ğŸŒğŸš€ğŸš€ğŸš€ğŸš€,Some Apes Moon While Other Stay At The Zoo,1.0,1615441996,TheNutofJustice
62,m2j48x,Yesterday i got margin called because my app stopped working and i lost all my life savings. I streamed the entire process on www.twitch.tv/ProjectShaco Well basically the app stopped working and i tried to sell my highest shares so i wouldn't get margin called multiple times but it didn't let me. I originally planned to help my friends with the money i would have gained and get myself out of the living from paycheck to paycheck situation. I planned to buy my mother a good hearing device which costs 10k since hers has alot of issues and did cost 6k but can't afford a better one as well as my other friends my studying friend her chair that she has been saving up for for months. My friend being in debt for over 10k. Giving my other friends that supported me also 10k each for helping me through all the shitty times. Buying my ex her bakery so she can live her dream (were still friends). And possibly my other friend aka www.twitch.tv/Buds4ever his house because they need a new one but can't afford it. Anyway I'm sorry guys i wish you all a good ride to the moon. Ape together strong. I hope you guys manage to live your dreams. Take care.,I won't go to the moon with you. I'm sorry,1.0,1615442024,Shaclusive
63,m2j49t,"I feel like there's a party going on at the hottest club downtown and everyone wants to be a part of it.

Once inside, the hosts (Jim Cramer, Motley Fool, MSM, Yahoo Finance, etc.) tell everyone how great the party is! That nothing could be better than the $200 cover charge, shitty lighting, the lame attempt of a dying fog machine, Britney Spears/Nickleback playlist, soggy french fries platter, champagne glasses filled with Coors Light and the bouncer kicking people out for having too much fun.

Little do they know, all they have to do is whisper the password ""Reddit"" and they'll be escorted through the back door, down some stairs, past a blind man with one eye speaking in riddles and through a giant steel door with the words ""This IS the way"" welded into it.......

The door slowly opens......... BAM!!! It hits you all at once!!! The lights come on, AC/DC is on stage cranking out Thunderstruck, Slash is up there getting a blowjob while waiting for his turn to solo the fuck out, amps are at 11 and a half, free bottles of Macallan 64 Year Old Lalique Cire Perdue being passed around, strippers, cocaine, a random 1,000lb friendly ass bull walking around licking folks, a waterfall, a hot tub and bowls filled with diamonds for everyone to have!!! The doorman is a 10 foot gorilla who gives you a hug and welcomes you through the door.........




This is how I feel everytime I turn on the tv and see some fucking dull news anchor spouting off garbage GME info. Then I come straight here for the real party! Whether it's the motivation DFV gives me, or the sick DD from u/HeyItsPixel or the general feeling of love and camaraderie from all the apes, I know I'm home! Goodnight you beautiful smooth brainers! See you tomorrow!",A HEARTY THANK YOU TO ALL THE BEAUTIFUL ğŸ¦ğŸ¦ğŸ¦ OF THIS SUB!!!,1.0,1615442026,Bipolar_SnowLeopard
64,m2j4ur,"Iâ€™m not going to give up posting this!!!

Today was an eye-opener! 3 separate stocks all dipped at the same time, trying to get us to sell our shares. From what I was reading, tomorrow starts the count where they need to account for all said shares. So if they have ""phantom shares"" they will do anything in the coming days to get those share back and accounted for. 
Expect the price to go up and fall drastically like we saw today in that ""bull trap"" They will try this multiple times! i suspect they have the price run up to the 20-30 on the first run then maybe 50-60 on the next. DO NOT SELL!! if they do the first one, that is our sign we have them by their balls! Remember ğŸ¦ğŸ¦ğŸ¦ strong together! 
We will control the price!! Look at GME they are disciplined, we must be the same. DO NOT SETTLE FOR CRUMBS! HF earn BILLIONS a year! We are here for that life changing money! 1k+. 1.5 -2k should be a good round number! They have until May to get those shares. So it can run up anytime until then. But be brave and HODL! 
We are holding for each other for that new house. that new car. for the sick family that have bills to pay. Do not be selfish and settle for crumbs! 

HF have fucked over many ppl over the years and we THE AMC ARMY are here for payback. This will be a once in a lifetime chance that will likely change the landscape. HF might get bailed out by the government and then new regulations will be put in play so this will never happen again. 

ğŸ¦ğŸ¦ğŸ¦ hodl and buy the dips on the bull traps. we going to the moon!! ğŸš€ğŸš€ğŸš€ ill see you all there!!

ğŸ’i will hold for you. will you hold for meğŸ’

DISCLAIMER Im just a crayon eating ğŸ¦ who hold things. this is just for funsies. This is not financial advice",ğŸš€ğŸš€ğŸš€ ARMY ğŸš€ğŸš€ğŸš€,1.0,1615442082,dudunegrinhu
65,m2j4xi,[removed],roblox,1.0,1615442090,Internetwam
66,m2j4zt,"Hi WSB,

I decided to check out palantir and this is what I like:

&amp;#x200B;

1. 120 billion TAM
2. Impressive DEMO day showcasing Gotham and Foundry
3. Recent partnership with AWS 
4. great Q4 earnings and they projected the revenue will grow to 4 billion by 2025
5. they are basically in the big data business which i do not see much competition, nobody is close to what they are doing
6. stamp of approval by Cathie Wood with the given massive buying. PLTR has 1.16% weightage in their portfolio

I've taken matters into my own hands and made a simple valuation model. My goal is to get a feel for how big palantir will be in 2025 and their share price target. 

* Alex karp said projected revenue will be 4b by 2025, which is a 30% growth rate.
* I think they will confidently hit 45% compounded annual growth rate, giving them revenue of 7 billion.
* what im stuck now is applying a PS ratio. assuming PS of 20, the market cap would be 105 billion. 
* at the time of writing, PLTR market cap is 43b, so we are expecting a 2.4 x increase? i think its quite impressive but maybe a bit overhyped? maybe my valuation is totally wrong and too pessimistic.
* im still excited about PLTR but just doing my due diligence. I'm open for any criticism or feedback. 

&amp;#x200B;

[a simple valuation i made](https://preview.redd.it/rvliundd7cm61.png?width=1623&amp;format=png&amp;auto=webp&amp;s=1176eeeab29f026e2a4fdb8fa4c460c10c6319b3)

this is my first time doing a valuation model so let me know what yall think. I know its kinda pointless crunching numbers because it would be inevitably wrong anyway (if it were correct all the time, i would have been rich by now lol). but at least it gives me a starting point to work on.

I personally hold only 5 shares only but thinking to add more.",Palantir (PLTR) Basic valuation model,1.0,1615442097,xerxesbear
67,m2j51d,[removed],Do this,1.0,1615442101,Revolutionary_Gur365
68,m2j526,"So, I know ape canâ€™t see future, but hereâ€™s the issue, I transferred brokerages starting on Monday thinking itâ€™s be a slow week. 

Wrong.

Now I am shit filled with anxiety thinking I will miss the peak because my assets are frozen until the transfer is over (next Monday eod)

So, what is ape intuition, am I a true retard who is going to MO . 

Thanks, and of course ğŸ’ğŸ™ŒğŸ¦ğŸ¦ğŸ¦

14 @ 175",Am I a true retard?,1.0,1615442104,kadenthomp36
69,m2j53w,,Stockholders new to GME today,1.0,1615442109,Mr_Zero
70,m2j5vz,"Dear Apes &amp; Retards, 

Trying to decipher today's activity through options

We can see lot of PUT buying mostly before that dump started at 12:15 EST. afternoon. Definitely few bear made good money on this bets assuming few would have closed those positions.

[PUT Buying mostly before dump](https://preview.redd.it/lci9lonb5cm61.jpg?width=2476&amp;format=pjpg&amp;auto=webp&amp;s=2a395e52e52d91c8298cc37684bd46ad66fe2a77)

Funny part is most of heavy call buyers pitched in after stock has stabilized(after 3:30 PM EST) or just before close, this only indicates that it was a deliberate shakeup by market forces to flush weak hands, while make money from both ways at expense of retail trader. In coming weeks as I said earlier many times with my previous posts that this stock is going up ( Check here [1](https://www.reddit.com/r/wallstreetbets/comments/lvg4q3/15_milliion_dollar_bet_on_upside_for_gme_look/), [2](https://www.reddit.com/r/wallstreetbets/comments/lw4k8v/bullish_momentum_continues_gme_judge_yourself/), [3](https://www.reddit.com/r/wallstreetbets/comments/lxvfjo/bullish_calls_last_hour_gme_biggest_trade_is_for/)).

In end market forces put huge bets either to cover upcoming shots or either make money on gamma squeeze/swarm. 

[Bull Push for coming weeks](https://preview.redd.it/cs23l6zc8cm61.jpg?width=2651&amp;format=pjpg&amp;auto=webp&amp;s=8038f83c743dd912c65ae138b97f7ba45ba6238f)

[205 Million Dollar Bet - On similar trades](https://preview.redd.it/9b990r418cm61.png?width=1170&amp;format=png&amp;auto=webp&amp;s=f9be03cb5ee37afab796680f28c6b7d4d3a2aa7b)

As we said earlier apes, we should hold the stock, keep the diamond hands till it reaches near 16 april, as daily we see same deep in money price targets for similar target date. 

Remember volatility is your friend in options &amp; can provide major alpha.",Today's Manipulation is to Make money at expense of weak Hands - 250 Million Dollar Bet,1.0,1615442188,vishalniit
71,m2j5w1,"I get it now, the answer was in front of us all along. The trigger for the MOASS is DVF exercising his calls. The ultimate victory. All we brainless apes have to do is hodl and follow. ğŸ¦§ğŸŒ",MOASS triggerğŸš€ğŸš€ğŸš€,1.0,1615442188,CaesarAugustus89
72,m2j60l,Can fisker be the next GME!!!! Pretty plzzzz,Stonks,1.0,1615442202,Difficult_Wall4745
73,m2j67m,Hahahah for all yall.... remember borrow  that money from your wife's boyfriend or your husband's lover... get the coin and pump it in to market Strongs they will eat CROW  in the long run!,1234 boss,1.0,1615442223,Redskin_Flippy
74,m2j6cj,,"And all this time I thought we were just too retarded to spell ""HOLD"" correctly",1.0,1615442238,IncarceratedMascot
75,m2j6dv,"Hey I've been using Cash App for a few days, kinda getting used to stocks and learning it. A friend has also been teaching me some things. I'm looking at other e-stock platforms I could use on a mobile device? I like the feature with Cash App where you don't have to buy a complete stock.

I've Googled this and I've heard about TD Ameritrade but the app reviews aren't good at all and there's a lot of negative reviews about them online, a lot regarding customer service and stocks being sold without their approval etc but every best stock market list includes them as number 1 or 2.

I've heard E Trade is good but not really beginner-friendly.

I was wondering if anyone had any advice or recommendations? Thanks in advance everyone",Starting in stocks,1.0,1615442242,AntiBullshyt
76,m2j6kf,,BUY HIGH SELL LOW,1.0,1615442262,Slader111
77,m2j6l2,,Fuck the hedgies we are holding until we want to let it go! Even my charts reflect how we roll.,1.0,1615442264,CJP0802
78,m2j6uh,,All around a Great Musical Experience I hope EVERYONE here enjoys it after the wild day weâ€™ve had.,1.0,1615442294,ballastplump
79,m2j6xn,,Think a few Congress members made a guest appearance on Robinhood ğŸ’ğŸ”¨,1.0,1615442305,sammypance
80,m2j74u,"No, this isn't one of those jokes, I legit panic sold. At 198. Ayup, I sold at the lowest it was today. Set a sell limit order at 198 in a panic, and sold. Then bought it back at 230 through another limit order after selling off another stock on the rebound. I'm the retard king, and not in a good way. Fuck me. If I can give any (non financial) insight, dont sell in a frenzy. Hell, dont sell at all. Holding IS the right move. Use me as your laughing stock, your inspiration to hold. Look at me and laugh. Look at me and cringe. I sold and got fucked for it. I got what I deserve for selling. Dont fold like the bitch I was.  This is not financial advise. I can, at the VERY LEAST, say I bought back every stock I sold, albeit at a loss. I regret selling. You will too. This is not financial advice.",I panic sold,1.0,1615442327,Maverick2k19
81,m2j75k,,"What happened after hours is far from boring, it s actually crazy",1.0,1615442330,daouaich
82,m2j79y,,A new GME owner riding with a veteran GME owner.,1.0,1615442342,Mr_Zero
83,m2j7nl,,"Hey apes, lm new to stonks and was wondering if someone could explain to me why GME went from 400 to 40 in a couple of days and then proceeded to go to to where it is now. Thanks :)",1.0,1615442382,5uperSocks
84,m2j85w,"TL;DR- mother of god the options volume. Price is set to explode.  


So I decided to comb through the entire [options chain information](https://www.nasdaq.com/market-activity/stocks/gme/option-chain) provided by Nasdaq, looking at only volume. March 12th starts on page 5 if you sort only calls, all moneyness, and all types.  


Now, this looks pretty typical... only slightly elevated. But I expected  more speculation on a highly volatile stock. Then I click on page 6 and HOLY MOTHER OF GOD. Hundreds of contracts at every single strike price, thousands on typical prices. And if you've been following along one depths style gaping dragon of a volume. 35,561 contracts @ 300. That represents a total of 3,556,100 shares.  


If the stock closes on Friday at $350, then those contracts print at a combined immediate loss to the market makers of 175 million dollars. That's without exercising the options, that's just the baseline loss  to buy the stock and sell it back at a loss to the investor.   


But what if the entire block of options is exercised? Well that would mean that the 3.5 million shares would need to be purchased. And if they are trading at $350 each (and through some mystic shaman bullshit the cost doesn't go up while purchasing 3.5 million shares) that would cost 1.225 billion dollars to purchase.  


But wait, there's over 22,300 contracts leading up to $350. They all print too. That's another purchase of 2,230,000 shares costing another 780 million. Again, somehow without magically increasing the price.   


Then there's 14,400 contracts @ 350. In gambling terms that strike price would be a wash. But the market makers MUST deliver those shares. Forced to purchase, that would be another 1,440,000 shares, costing another 504 million dollars.  


We total that up, and just between 300-350 strike price there are just over 7 million shares that need to be delivered on Friday.

Lets think about that for a second. If HF's sold 7 million shares today in a 20 minute window and the price of the stock only halved (followed by an immediate recovery)... What would buying 7 million shares do? Double? Price to infinity? More importantly who do they intend to buy the shares from in order to be able to deliver? Diamond hands own all the stock.  


Not a financial advisor, just a guy looking at a spreadsheet online. You should 100% not pay any attention to me.

Final note from my developmentally disabled self:  


There are (by comparison) not as many options after the 350 mark, but there are tens of thousands at each of the ""$50 increments"". But, the market makers are likely just trying to prevent a gamma squeeze to $800. Why 800? Because there are almost 44,000 contracts on 800 alone. If forced to print that would cost 3.5 billion dollars just by itself.",Why is 350 so important that the market price not be met or exceed?,1.0,1615442421,sputler
85,m2j87a,,"What happened after hours is far from boring, it was actually crazy",1.0,1615442425,daouaich
86,m2j8kt,"Yesterday i got margin called because my app stopped working and i lost all my life savings. I streamed the entire process on www.twitch.tv/ProjectShaco Well basically the app stopped working and i tried to sell my highest shares so i wouldn't get margin called multiple times but it didn't let me. I originally planned to help my friends with the money i would have gained and get myself out of the living from paycheck to paycheck situation. I planned to buy my mother a good hearing device which costs 10k since hers has alot of issues and did cost 6k but can't afford a better one as well as my other friends my studying friend her chair that she has been saving up for for months. My friend being in debt for over 10k. Giving my other friends that supported me also 10k each for helping me through all the shitty times. Buying my ex her bakery so she can live her dream (were still friends). And possibly my other friend aka www.twitch.tv/Buds4ever his house because they need a new one but can't afford it. Anyway I'm sorry guys i wish you all a good ride to the moon. Ape together strong. I hope you guys manage to live your dreams. Take care. 

Tdlr i was 20k up and tried to sell some shares to stay in margin but it didn't let me. I was left with 234â‚¬ and couldn't afford another share.",I won't go to the moon with you guys I'm sorry,1.0,1615442463,Shaclusive
87,m2j96z,"Gather 'round and grab a tinfoil hat. I'd like to start by letting you know I'm quite retarded and this is not financial advice. That said, let me tell you why I think GameStop has 3 potential outcomes.. actually 2 since going down isn't possible because stonks only go up, right?

&amp;#x200B;

**Part 1: Laying the Groundwork**

I've read through an unhealthy amount of posts since early January invoking what I can only summarize as ape-ish behavior. Lots of laughing, crying, but most importantly tons of masturbating to gain and loss porn, which reminds me I need to find something for tonight. Any way here's what I've taken from the vast array of posts I've read through.

&amp;#x200B;

* **Short Interest -** No one really knows where the SI figure actually lies, but we can all agree it is excessive. According to the latest Finra report GameStop has a float of 54m shares and SI of 52%. I know horseshit when I smell it and fuck this stinks! Shorts losing nearly a billion dollars in one day off of low SI numbers doesn't add up (low for GME's lofty standards).

[Finra Markets GME Quote - 3\/9 Update](https://preview.redd.it/wh4vuedk9cm61.png?width=1634&amp;format=png&amp;auto=webp&amp;s=72090736c1213b6746af413db7db196566187b5c)

&amp;#x200B;

* **Current Ownership -** The GameStop saga is global and there are currently 9.5m degenerates in this sub alone. It's not hard to imagine that there are 10m people holding 5 shares out of the hundreds of millions of eyes that have been on this worldwide. That alone is the entire float. Now we need to look at institutional ownership. Institutional ownership accounts for another 200% of the float! Fintel also seems to be retarded so I finished their graph for today's close. From my understanding some of this institutional ownership does include a degree of double counts on shorts. Whether or not the short interest is captured by the institutional ownership figures doesn't matter at this point, I can't read between the lines anyway. All of the above considered let's call the total ownership 150m or 300% float.

[Fintel.io GME Institutional Ownership](https://preview.redd.it/mkfgxveo9cm61.png?width=2184&amp;format=png&amp;auto=webp&amp;s=d7ca1bfc6fa3a6a169a3ea712f41fcd278a6001e)

&amp;#x200B;

**Part 2: Trading History and Pushes to $400 Threshold**

&amp;#x200B;

1. On January 27th GME peaked at 380, fell to 249, and recovered closing at 347.
2. On January 28th GME roared to over 500 premarket before sharply falling, opening at 265. Then climbing again to reach a peak of 483 before unraveling during a time we'd all like to forget about while multiple brokerages deliberately and drastically removed demand from the equation.
3. Today, March 10th GME continued it's week long print sesh of endless brr steadily climbing to 348 before having it's legs cut off and falling to an intraday low of 172 and recovering to close at 265.

&amp;#x200B;

**Part 3: Connecting the Dots**

&amp;#x200B;

Ask yourself what do the 3 days above have in common? All 3 days shares of GME approached and/or hovered in the $400 threshold. All 3 days shares of GME experienced sudden and drastic losses during huge buying momentum.. fuck loss porn I'll just masturbate to today's red candle.

&amp;#x200B;

Hmm.. looks to me as if GME getting past the $400 threshold is bad news for someone, can't imagine who? So I pulled out my crayons and after connecting a few dots it dawned on me that $400 had to be the margin call threshold for enough of the total short position to ignite the **M.O.A.S.S.** simultaneously fueled by gamma squeezing. Have you guys seen the outrageous amount of open interest on the casino board?

&amp;#x200B;

**Part 4: Galaxy Brain \*\*\*Tinfoil Hat Required\*\*\***

&amp;#x200B;

It's not far fetched for the total ownership including short interest to be 3-10x the total float. This could spell possible market-wide chaos if large entities are forced to liquidate assets to cover their positions at astronomical prices as they're squeezed dry for delicious tendies. Mutual funds, endowments, 401K's and personal retirement funds, etc. possibly wiped out as their irresponsible managing firms sell off because they were too greedy, twisted, and pulled the lever so hard it got stuck down.

&amp;#x200B;

Enter the Plunge Protection Team. Essentially a deep state group called on once or twice a decade to play god with our beloved stonks. Shrouded in the shadows the Plunge Protection Team could have been acting in the broader American market's best interest by correcting the price of certain securities as they reached potentially dangerous levels. Not once or twice but three times GME was a speeding bullet train that had it's track pulled out from under, keeping it from ripping past the moon or Valhalla and straight to the fucking tendie vaults. Here's an Investopedia article on the matter:  [https://www.investopedia.com/terms/p/plunge-protection-team.asp](https://www.investopedia.com/terms/p/plunge-protection-team.asp) 

&amp;#x200B;

**Part 5: What You Impatient Fucks Have Been Waiting For**

&amp;#x200B;

1. **Scenario 1 -** The size of the short position and number of naked shorts amongst other fuckery is so big a **M.O.A.S.S.** would unravel the American markets. GameStop continues to be decapitated anytime it is in or around the $400 threshold. Tomorrow GME will be on the short sale restricted list and any daft drops similar to the ones we've seen would not be the actions of very large short sales but rather divine intervention commonly referred to as **Deep State Fuckery**. Improvise, adapt, overcome. Start playing the casino board with this in mind.

&amp;#x200B;

1. **Scenario 2 -** The powers that be decide 3 times is enough and they can't delay launch sequences any longer, they'll have to learn from the shady activity of large players in the market and the mistakes made. GameStop flies 4.367 light years to Alpha Centauri.

&amp;#x200B;

In conclusion, I hope to see familiar faces in Alpha Centauri. I heard it's nice this time of year.

ğŸš€ğŸš€ğŸš€ğŸš€ğŸš€ğŸš€ğŸš€ğŸš€ğŸš€ğŸš€ğŸš€ğŸš€ğŸš€ğŸš€ğŸš€ğŸš€ğŸš€ğŸš€ğŸš€ğŸš€ğŸš€ğŸš€ğŸš€ğŸš€ğŸš€ğŸš€ğŸš€ğŸš€ğŸš€ğŸš€ğŸš€ğŸš€ğŸš€ğŸš€ğŸš€ğŸš€ğŸš€ğŸš€ğŸš€ğŸš€ğŸš€ğŸš€",GME - Deep State F*ckery,1.0,1615442522,Cubic_Zirconia_Labs
88,m2j9dh,"No, this isn't one of those jokes, I legit panic sold. At 198. Ayup, I sold at the lowest it was today. Set a sell limit order at 198 in a panic, and sold. Then bought it back at 230 through another limit order after selling off another stock on the rebound. I'm the retard king, and not in a good way. Fuck me. If I can give any (non financial) insight, dont sell in a frenzy. Hell, dont sell at all. Holding IS the right move. Use me as your laughing stock, your inspiration to hold. Look at me and laugh. Look at me and cringe. I sold and got fucked for it. I got what I deserve for selling. Dont fold like the bitch I was.  This is not financial advise. I can, at the VERY LEAST, say I bought back every stock I sold, albeit at a loss. I regret selling. You will too. This is not financial advice",I Panic Sold,1.0,1615442542,Maverick2k19
89,m2j9lq,,My family says Iâ€™m a retard because Iâ€™m holding AMC and GME. I just keep sending them this pic at random hours of the night. #AMC #GME,1.0,1615442566,LuckyOtter288
90,m2j9p7,,Douche vlad on bloomberg.,1.0,1615442575,Gville93
91,m2ja7k,,When someone posts loss/gain porn but uses robinhood,1.0,1615442625,disnolol
92,m2ja7r,,Me explaining the sitch to my wife's boyfriend,1.0,1615442625,RingoDingo92
93,m2jb5g,"$Ride or Die II

Goldman Sachs gave a PT of $31 BEFORE the partnership with NBCâ€™s The Profit Nascar enthusiast, Camping World CEO Marcus Lemonisâ€™s 200+ locations 24/7 service and sales leverage.  

Donâ€™t you love how everything acquired from Lordstown is done so efficiently?  Meanwhile,

JPMORGAN gave a bearish hit piece out right AT the moment Lordstownâ€™s stock was at the tripple top on the chart.  EXACTLY AT IT : 
They bought the dip.

Biden slipped in one of his first economic going electric announcements regarding the â€œretoolingâ€ loan him and Obama did to bail out auto... ... when that loan was themed around WAGEs not tooling.  
â€”- Just so happens, Lordstown has applied for a tooling loan, â€œthe same kind tesla gotâ€.. putting the project â€œon steroidsâ€... Burns said.

unit economics should be ridiculous with 15000 less parts, costing less to buy &amp; own..

The hub motors is the only thing all the EVâ€™s donâ€™t have and IS IT not interesting how ARK invest is diamond handing Workhorse as they are the one who made the deal with Lordstown to use that technology for a percentage of the co and 1% of each endurance profit?  
I feel like if WKHS gets the bid (ya thatâ€™s still a thing actually) Lordstown might just merge with them and those 250+ patents on Drones.
done editing this rant...

The 6 CEOâ€™s that weâ€™re once listed on Rideâ€™s site have since been taken off the site, are globally ready to fight the good fight and GM must have known it.. here you go letâ€™s help set up all our equipment with you and give you a loan you already paid off for the 2nd biggest factory in the automotive industry.. 
Theyâ€™re going to need more factories... aside from 2nd biggest battery plant there too.. tesla being 1st.  Thereâ€™s much to the story we donâ€™t know.
Like in Jack Spencerâ€™s interview where Burns was talking about the 100k preorders foreshadowing it does not include municipalities, gov, Fed, police, town, state vehicle orders.. ya know the ones Biden says heâ€™ll be replacing their vehicles with.. 
The race mid April.  (They can make the batteries go as long as they want it to) 
Safety ratings coming.
The started from the bottom now we here story line.  Pandemic born Endurance..
The Q2/Q3 van/Camping World RV prototype ... the Solar Panels powering the factory even..
The clear lane of all EV work trucks untapped.

Itâ€™s performance .. doesnâ€™t even belong in the segment itâ€™s going to be compared with its advantages and is 17k less.. the wheel technology can move sideways.. but no one is talking about that yet also.

Oshkosh bid has been halted. 
Good thing the Dems really hammered down postmaster during the pre vote setting the stage for what we all already knew.. no not just Workhorse, theyâ€˜re going to need to do something to make them look good.  
And Has any other EVâ€™s visited the White House?
Itâ€™s had and always will be about the money, so donâ€™t get political, itâ€™s a waste of everyoneâ€™s energy and is racist.
Why is JPMORGAN bashing Lordstown and pumping Fisker and Goldman doing vise-versa?? 
Look at the Short interest on the closest 1st to Market all EV 0 emissions fleet Truck..  
Buy that dip.
â€œWork for itâ€ thatâ€™ll be a fine narrative to the unemployed after getting our country highjacked on a super flu and the media is going to need to start shouting something positive after all the garbage theyâ€™ve been feeding for so long... and to be honest Steve Burn (co founder of Workhorse, CEO of Lordstown) earns it.  These are good people, in a good community, working on a worthy project, and they love what they do and work hard on doing it.  Like.. the DD youâ€™re welcome to do, itâ€™s all there.
If youâ€™d like to buy Teslaâ€™s competitor in the EV sector take a good look at this ride.. rumor has it theyâ€™ll be working together too.  

I like the stock.",$RIDE,1.0,1615442711,AdamJosephMartin
94,m2jc4t,,This song from 10 years ago is applicable to us apes now: Travie McCoy: Billionaire ft. Bruno Mars,1.0,1615442824,lumierree
95,m2jc63,[removed],"What is an NFT really, and why do people say they will kill cryptocurrencies?",1.0,1615442828,wjmaher
96,m2jc7j,Who is buying $XL #bullish.,$XL Buy,1.0,1615442832,Mayzach13
97,m2jceh,Not sure if this is the correct place to post but I saw a lot of you apes talking about IVR and was wondering if itâ€™s a good buy at 3.80? I mean I can just live off the dividends while I wait.,Is IVR a good buy?,1.0,1615442853,UTM51
98,m2jcrq,,"Loss Porn, how FcKed am I?",1.0,1615442891,APotatoInMyAss
99,m2jcy1,,What itâ€™s like being an APE!,1.0,1615442909,KCKnives
